[
    {
        "id": 1,
        "firstName": "John",
        "lastName": "Smith",
        "phone": "02 9988 2211",
        "department": "1",
        "address": "1 Code Lane",
        "city": "Javaville",
        "state": "NSW",
        "zip": "0100",
        "country": "Australia",
        "company": "HR"
    },
    {
        "id": 2,
        "firstName": "Sue",
        "lastName": "White",
        "phone": "03 8899 2255",
        "company": "Marketing",
        "department": "2",
        "address": "16 Bit Way",
        "city": "Byte Cove",
        "state": "QLD",
        "zip": "1101",
        "country": "Australia"
    },
    {
        "id": 3,
        "firstName": "Bob",
        "lastName": "O'Bits",
        "phone": "05 7788 2255",
        "department": "3",
        "address": "8 Silicon Road",
        "city": "Cloud Hills",
        "state": "VIC",
        "zip": "1001",
        "country": "Australia",
        "company": "Marketing"
    },
    {
        "id": 4,
        "firstName": "Mary",
        "lastName": "Blue",
        "phone": "06 4455 9988",
        "department": "2",
        "address": "4 Processor Boulevard",
        "city": "Appletson",
        "state": "NT",
        "zip": "1010",
        "country": "Australia"
    },
    {
        "id": 5,
        "firstName": "Mick",
        "lastName": "Green",
        "phone": "02 9988 1122",
        "department": "3",
        "address": "700 Bandwidth Street",
        "city": "Bufferland",
        "state": "NSW",
        "zip": "0110",
        "country": "Australia",
        "company": "General"
    }
]